timestamp,equity
2020-02-25,10000.0
2020-02-26,10000.0
2020-02-27,10000.0
2020-02-28,10000.0
2020-03-02,10000.0
2020-03-03,10000.0
2020-03-04,10000.0
2020-03-05,10000.0
2020-03-06,10000.0
2020-03-09,10000.0
2020-03-10,10000.0
2020-03-11,10000.0
2020-03-12,10000.0
2020-03-13,9999.144295730408
2020-03-16,10255.48232834449
2020-03-17,10142.608066453478
2020-03-18,10246.038004879962
2020-03-19,10237.130201044161
2020-03-20,10319.556974004834
2020-03-23,10372.83021713975
2020-03-24,10207.195561758932
2020-03-25,10184.922107172162
2020-03-26,10063.01380153271
2020-03-27,10132.919153158207
2020-03-30,10065.712179665432
2020-03-31,10098.897496701193
2020-04-01,10188.914444409465
2020-04-02,10144.414875203167
2020-04-03,10174.594104319141
2020-04-06,10036.495529883354
2020-04-07,10039.864557551988
2020-04-08,9968.404877002085
2020-04-09,9936.971138754234
2020-04-13,9959.213033362841
2020-04-14,9892.597809460578
2020-04-15,9942.068075227153
2020-04-16,9929.294174066692
2020-04-17,9870.111325021224
2020-04-20,9910.66589695746
2020-04-21,9978.993249674932
2020-04-22,9929.483533935656
2020-04-23,9930.674923111214
2020-04-24,9899.951284371971
2020-04-27,9867.018447161496
2020-04-28,9878.924448922542
2020-04-29,9818.86581048312
2020-04-30,9840.231915697776
2020-05-01,9904.708951079667
2020-05-04,9895.217287647898
2020-05-05,9874.94000167978
2020-05-06,9890.735770749106
2020-05-07,9864.880258641122
2020-05-08,9826.52699518158
2020-05-11,9826.219285394516
2020-05-12,9873.614482597039
2020-05-13,9913.15913523214
2020-05-14,9887.516652976738
2020-05-15,9878.679859091799
2020-05-18,9807.504218345342
2020-05-19,9831.939531436106
2020-05-20,9793.538928009322
2020-05-21,9811.764815397008
2020-05-22,9806.289159186163
2020-05-26,9777.632699016434
2020-05-27,9742.632683236445
2020-05-28,9747.682279742123
2020-05-29,9736.178667702623
2020-06-01,9727.1682939378
2020-06-02,9707.37229763663
2020-06-03,9674.194870595411
2020-06-04,9682.49514485162
2020-06-05,9618.128569393291
2020-06-08,9587.783650391975
2020-06-09,9607.674326627628
2020-06-10,9621.118877323997
2020-06-11,9769.482334656484
2020-06-12,9738.54566606466
2020-06-15,9718.599759867227
2020-06-16,9672.719441616407
2020-06-17,9681.595685474047
2020-06-18,9680.136036484124
2020-06-19,9694.022426874742
2020-06-22,9678.147757860013
2020-06-23,9667.551495192627
2020-06-24,9731.428890989468
2020-06-25,9705.052639241834
2020-06-26,9763.9987884511
2020-06-29,9729.132902578292
2020-06-30,9692.01047826701
2020-07-01,9679.725756768037
2020-07-02,9668.561414493763
2020-07-06,9629.340251634807
2020-07-07,9656.481832852833
2020-07-08,9637.056666295048
2020-07-09,9651.17186652733
2020-07-10,9625.142774539461
2020-07-13,9648.67073825811
2020-07-14,9615.296061353387
2020-07-15,9592.383517208867
2020-07-16,9601.054621208463
2020-07-17,9593.82738620971
2020-07-20,9572.437611011434
2020-07-21,9568.129673992527
2020-07-22,9553.359604213416
2020-07-23,9585.203622177354
2020-07-24,9601.007281241222
2020-07-27,9582.244874224809
2020-07-28,9598.790192775446
2020-07-29,9567.230214614952
2020-07-30,9576.871787942984
2020-07-31,9557.225701538075
2020-08-03,9538.692104363325
2020-08-04,9529.303010860578
2020-08-05,9512.528882468274
2020-08-06,9495.65218414695
2020-08-07,9493.979505304444
2020-08-10,9486.728600322069
2020-08-11,9507.85800570052
2020-08-12,9471.043291176304
2020-08-13,9476.50316739807
2020-08-14,9476.960787081396
2020-08-17,9469.749332071724
2020-08-18,9463.603026324967
2020-08-19,9475.382788173372
2020-08-20,9466.972053993599
2020-08-21,9457.780210354354
2020-08-24,9430.859548983453
2020-08-25,9421.12329572094
2020-08-26,9393.421524890566
2020-08-27,9388.829548068214
2020-08-28,9370.319620877082
2020-08-31,9376.394916672978
2020-09-01,9355.612671054292
2020-09-02,9312.856790641363
2020-09-03,9412.097141967039
2020-09-04,9434.268026624786
2020-09-08,9509.317654690443
2020-09-09,9456.360011337132
2020-09-10,9503.518508703453
2020-09-11,9502.114089675311
2020-09-14,9468.526382918004
2020-09-15,9454.592652560146
2020-09-16,9466.98783398268
2020-09-17,9489.458538432951
2020-09-18,9519.077577936578
2020-09-21,9549.383046965193
2020-09-22,9522.154675807225
2020-09-23,9584.209482865299
2020-09-24,9576.579858145
2020-09-25,9535.654456465378
2020-09-28,9493.727025479158
2020-09-29,9506.453586672378
2020-09-30,9484.732431703418
2020-10-01,9470.688241421998
2020-10-02,9496.23604374292
2020-10-05,9448.754056600454
2020-10-06,9486.334100595064
2020-10-07,9440.201302518959
2020-10-08,9418.590607473561
2020-10-09,9394.676034022446
2020-10-12,9349.639945187419
2020-10-13,9367.226743017356
2020-10-14,9385.578870317682
2020-10-15,9389.784237407568
2020-10-16,9389.413407664182
2020-10-19,9434.299586602947
2020-10-20,9421.517795447948
2020-10-21,9427.48263132028
2020-10-22,9413.335871109839
2020-10-23,9403.94677760709
2020-10-26,9454.774122434568
2020-10-27,9462.892926816356
2020-10-28,9557.296711488936
2020-10-29,9526.462612826133
2020-10-30,9558.14094090473
2020-11-02,9526.360042897111
2020-11-03,9479.872195066702
2020-11-04,9421.265315622662
2020-11-05,9368.394462209293
2020-11-06,9369.191351657846
2020-11-09,9336.795034076098
2020-11-10,9340.716361362538
2020-11-11,9319.310806175183
2020-11-12,9347.438636710724
2020-11-13,9309.456202994568
2020-11-16,9276.507585795012
2020-11-17,9290.220396305747
2020-11-18,9323.153233516223
2020-11-19,9312.04412120373
2020-11-20,9331.240477919851
2020-11-23,9315.421038866902
2020-11-24,9269.801090435907
2020-11-25,9274.345727291018
2020-11-27,9267.48143204111
2020-11-30,9280.673502912197
2020-12-01,9248.466545199411
2020-12-02,9243.29070878109
2020-12-03,9245.09751753078
2020-12-04,9219.533935220777
2020-12-07,9225.183171311506
2020-12-08,9217.064366929719
2020-12-09,9240.284620861303
2020-12-10,9244.008698284242
2020-12-11,9247.669655750859
2020-12-14,9260.269977031438
2020-12-15,9223.084432763833
2020-12-16,9217.916486340053
2020-12-17,9201.102907975048
2020-12-18,9211.41513083899
2020-12-21,9222.84773292763
2020-12-22,9228.891468745365
2020-12-23,9226.721720246831
2020-12-24,9216.425277371969
2020-12-28,9190.940595007369
2020-12-29,9197.505070464753
2020-12-30,9193.56007319469
2020-12-31,9174.600416314774
2021-01-04,9218.32676605614
2021-01-05,9197.647090366474
2021-01-06,9180.857181985091
2021-01-07,9136.949362369302
2021-01-08,9120.467163774983
2021-01-11,9140.247380087074
2021-01-12,9139.000760949733
2021-01-13,9132.175915672527
2021-01-14,9143.458607864904
2021-01-15,9164.990402964902
2021-01-19,9140.799679704884
2021-01-20,9099.030048609467
2021-01-21,9098.067469275571
2021-01-22,9107.219862942116
2021-01-25,9096.260660525884
2021-01-26,9100.789517391915
2021-01-27,9178.782113421039
2021-01-28,9149.896843409646
2021-01-29,9207.60426347611
2021-02-01,9160.564116027892
2021-02-02,9119.181094664944
2021-02-03,9116.135556772457
2021-02-04,9083.33684946916
2021-02-05,9071.430847708114
2021-02-08,9048.739223410717
2021-02-09,9052.179261030213
2021-02-10,9053.24441029313
2021-02-11,9048.115913842048
2021-02-12,9033.558873915521
2021-02-16,9035.326232692507
2021-02-17,9036.320372004564
2021-02-18,9050.017402526219
2021-02-19,9055.745538562349
2021-02-22,9079.581212068062
2021-02-23,9075.738784727022
2021-02-24,9040.975468783237
2021-02-25,9116.790426319287
2021-02-26,9131.142326387771
2021-03-01,9059.60374589247
2021-03-02,9084.480898677479
2021-03-03,9124.380601066885
2021-03-04,9164.81682308502
2021-03-05,9106.84903319873
2021-03-08,9123.094531956845
2021-03-09,9080.417551489316
2021-03-10,9061.978634249046
2021-03-11,9030.000486377925
2021-03-12,9026.844488561874
2021-03-15,9006.646102539158
2021-03-16,9011.561569137655
2021-03-17,9002.559085367375
2021-03-18,9048.84179333974
2021-03-19,9050.70383205121
2021-03-22,9029.014237060408
2021-03-23,9052.73945064256
2021-03-24,9069.608258969347
2021-03-25,9053.528450096574
2021-03-26,9002.227705596688
2021-03-29,9004.949753713032
2021-03-30,9014.843806866345
2021-03-31,9003.52955469581
2021-04-01,8966.462360346308
2021-04-05,8920.66883203543
2021-04-06,8923.801159867859
2021-04-07,8919.059273149243
2021-04-08,8905.472702551151
2021-04-09,8880.51664982074
2021-04-12,8881.15573937849
2021-04-13,8870.42534680392
2021-04-14,8883.78310756035
2021-04-15,8847.678492544745
2021-04-16,8835.804050761857
2021-04-19,8853.327728635473
2021-04-20,8875.672193173104
2021-04-21,8845.311494182708
2021-04-22,8875.640633194944
2021-04-23,8839.985747868122
2021-04-26,8834.10770193573
2021-04-27,8834.817801444342
2021-04-28,8837.610859511546
2021-04-29,8815.290064957535
2021-04-30,8839.196748414111
2021-05-03,8830.131144687508
2021-05-04,8852.223129399856
2021-05-05,8849.911360999598
2021-05-06,8823.061709579559
2021-05-07,8798.618506494255
2021-05-10,8833.468612377981
2021-05-11,8862.132962542251
2021-05-12,8932.401253916592
2021-05-13,8893.37734092114
2021-05-14,8844.97222441748
2021-05-17,8853.304058651853
2021-05-18,8881.281979291132
2021-05-19,8890.868322657381
2021-05-20,8856.594186375085
2021-05-21,8859.166324595164
2021-05-24,8826.667437084394
2021-05-25,8833.705312214184
2021-05-26,8827.503776505648
2021-05-27,8823.645569175527
2021-05-28,8821.097100939067
2021-06-01,8822.730329808874
2021-06-02,8817.933213128477
2021-06-03,8829.981234791247
2021-06-04,8800.756695014628
2021-06-07,8803.41562317465
2021-06-08,8802.83176357868
2021-06-09,8808.914949369117
2021-06-10,8793.426890086852
2021-06-11,8786.90975459671
2021-06-14,8780.826568806275
2021-06-15,8787.580404132621
2021-06-16,8805.640601634965
2021-06-17,8807.092360630348
2021-06-18,8850.810820377174
2021-06-21,8804.78059223009
2021-06-22,8787.698754050723
2021-06-23,8791.328151539179
2021-06-24,8771.879314997776
2021-06-25,8760.66763275626
2021-06-28,8752.848648166997
2021-06-29,8751.909738816721
2021-06-30,8747.412441928851
2021-07-01,8729.707294180815
2021-07-02,8704.143711870813
2021-07-06,8711.086907066121
2021-07-07,8699.575405032081
2021-07-08,8729.012974661284
2021-07-09,8690.565031267259
2021-07-12,8678.666919500753
2021-07-13,8690.833291081624
2021-07-14,8686.8172838607
2021-07-15,8698.076306069457
2021-07-16,8724.010718122845
2021-07-19,8778.191310629874
2021-07-20,8727.245615884294
2021-07-21,8699.133565337834
2021-07-22,8692.198260137066
2021-07-23,8657.237694329777
2021-07-26,8648.945310068106
2021-07-27,8665.388058689725
2021-07-28,8666.035038242015
2021-07-29,8651.430658348247
2021-07-30,8670.279855304601
2021-08-02,8676.670750882102
2021-08-03,8648.274660532195
2021-08-04,8664.441259344909
2021-08-05,8643.580113780823
2021-08-06,8637.72573783205
2021-08-09,8641.015865555282
2021-08-10,8637.544267957628
2021-08-11,8633.078531047919
2021-08-12,8618.54516110501
2021-08-13,8612.888035019741
2021-08-16,8603.648851413256
2021-08-17,8628.604904143667
2021-08-18,8666.326968039999
2021-08-19,8661.963801059312
2021-08-20,8633.662390643887
2021-08-23,8603.790871314977
2021-08-24,8598.504574973096
2021-08-25,8590.646140411132
2021-08-26,8611.310036111716
2021-08-27,8580.247127607248
2021-08-30,8564.924758210329
2021-08-31,8569.745544874344
2021-09-01,8568.633055644186
2021-09-02,8558.486522665587
2021-09-03,8559.685801835687
2021-09-07,8571.836393427477
2021-09-08,8576.538830173391
2021-09-09,8592.942128822307
2021-09-10,8620.320409876538
2021-09-13,8612.312065418311
2021-09-14,8632.57357139735
2021-09-15,8602.867741953783
2021-09-16,8608.35128815917
2021-09-17,8640.510905904714
2021-09-20,8699.891004813686
2021-09-21,8702.68406288089
2021-09-22,8669.980035512075
2021-09-23,8627.894804635056
2021-09-24,8622.766308183976
2021-09-27,8632.526231430109
2021-09-28,8703.914902029148
2021-09-29,8698.526035758245
2021-09-30,8739.490887410568
2021-10-01,8700.435414436954
2021-10-04,8745.077003544975
2021-10-05,8709.366888256374
2021-10-06,8695.299027991334
2021-10-07,8666.729357761546
2021-10-08,8673.37273316433
2021-10-11,8697.161066702804
2021-10-12,8705.477120948093
2021-10-13,8695.101778127831
2021-10-14,8636.352878782069
2021-10-15,8610.229106859719
2021-10-18,8598.323105098672
2021-10-19,8572.151993209081
2021-10-20,8559.086162250638
2021-10-21,8548.36365967061
2021-10-22,8552.21397700619
2021-10-25,8535.187368788602
2021-10-26,8528.63078332576
2021-10-27,8546.864560707985
2021-10-28,8511.564725135471
2021-10-29,8504.49529002752
2021-11-01,8497.954484553757
2021-11-02,8484.557273824628
2021-11-03,8460.950410160578
2021-11-04,8445.572810801876
2021-11-05,8431.78899034028
2021-11-08,8428.498862617049
2021-11-09,8441.477903635552
2021-11-10,8471.885942593188
2021-11-11,8469.866103990917
2021-11-12,8443.37150232518
2021-11-15,8443.410952297882
2021-11-16,8429.130062180258
2021-11-17,8438.779525502829
2021-11-18,8426.258104167653
2021-11-19,8431.449720575054
2021-11-22,8443.300492374321
2021-11-23,8437.177856611184
2021-11-24,8428.688222486011
2021-11-26,8512.984924152694
2021-11-29,8465.132107266843
2021-11-30,8534.777089072515
2021-12-01,8577.351499611024
2021-12-02,8526.808194586989
2021-12-03,8557.318803473649
2021-12-06,8515.31247254203
2021-12-07,8440.294404454533
2021-12-08,8428.885472349513
2021-12-09,8455.522093916972
2021-12-10,8420.35638825164
2021-12-13,8454.322814746873
2021-12-14,8481.843115702824
2021-12-15,8422.068517066848
2021-12-16,8454.559514583078
2021-12-17,8492.455158359291
2021-12-20,8533.972309629422
2021-12-21,8469.897663969077
2021-12-22,8432.554319810672
2021-12-23,8409.49186576989
2021-12-27,8357.89130147748
2021-12-28,8361.7100588349
2021-12-29,8356.415872498477
2021-12-30,8367.722234674475
2021-12-31,8377.62417782233
2022-01-03,8353.654374409434
2022-01-04,8356.037152760551
2022-01-05,8429.382542005542
2022-01-06,8432.956709532218
2022-01-07,8447.963479147533
2022-01-10,8453.281335467576
2022-01-11,8419.527938824927
2022-01-12,8409.050026075642
2022-01-13,8462.165469319756
2022-01-14,8459.151491405428
2022-01-18,8526.80030459245
2022-01-19,8561.7924303779
2022-01-20,8601.26607306214
2022-01-21,8668.165336767848
2022-01-24,8658.547433423437
2022-01-25,8700.900924114821
2022-01-26,8706.045200554981
2022-01-27,8724.523567767952
2022-01-28,8641.410365282289
2022-01-31,8575.371110981452
2022-02-01,8550.920017901608
2022-02-02,8517.119281291718
2022-02-03,8605.439880173864
2022-02-04,8587.22188278072
2022-02-07,8600.366613684564
2022-02-08,8570.645004251917
2022-02-09,8518.855080090545
2022-02-10,8584.420934718975
2022-02-11,8651.833048069791
2022-02-14,8665.222368804381
2022-02-15,8610.465806695924
2022-02-16,8607.357148847113
2022-02-17,8682.114847114786
2022-02-18,8706.881539976235
2022-02-22,8741.68430589272
2022-02-23,8804.220402617742
2022-02-24,8754.355637124161
2022-02-25,8678.651139511672
2022-02-28,8687.101323664145
2022-03-01,8740.500806711703
2022-03-02,8677.159930543588
2022-03-03,8695.346367958575
2022-03-04,8722.661529056482
2022-03-07,8823.479879290184
2022-03-08,8847.457572697622
2022-03-09,8762.892611216574
2022-03-10,8777.378641192241
2022-03-11,8820.939301048264
2022-03-14,8845.556084013451
2022-03-15,8775.066872791986
2022-03-16,8699.788434884664
2022-03-17,8657.332374264257
2022-03-18,8616.738352355322
2022-03-21,8618.269011296105
2022-03-22,8578.47976883026
2022-03-23,8622.166668598926
2022-03-24,8571.733823498456
2022-03-25,8553.66573600157
2022-03-28,8528.05481372433
2022-03-29,8483.807724343314
2022-03-30,8506.807058427778
2022-03-31,8563.646579094828
2022-04-01,8551.456537530337
2022-04-04,8522.437137611762
2022-04-05,8567.820386206553
2022-04-06,8602.512692199478
2022-04-07,8587.474362606003
2022-04-08,8596.88712609237
2022-04-11,8656.653834733808
2022-04-12,8668.551946500314
2022-04-13,8629.780513330146
2022-04-14,8672.386483846814
2022-04-18,8673.096583355426
2022-04-19,8617.456341858473
2022-04-20,8619.633980351548
2022-04-21,8671.54225443102
2022-04-22,8767.70550788605
2022-04-25,8748.501261175388
2022-04-26,8843.907075154566
2022-04-27,8836.995439937416
2022-04-28,8755.302436468975
2022-04-29,8878.04708152968
2022-05-02,8859.54504433309
2022-05-03,8843.686155307441
2022-05-04,8745.305813386638
2022-05-05,8866.259429686736
2022-05-06,8884.824586839646
2022-05-09,8989.051414714682
2022-05-10,8981.311330070821
2022-05-11,9033.282724106615
2022-05-12,9037.306621322079
2022-05-13,8963.290582541178
2022-05-16,8975.819893870894
2022-05-17,8912.037178008533
2022-05-18,9042.356217827759
2022-05-19,9060.416415330103
2022-05-20,9059.966685641315
2022-05-23,9002.851015165359
2022-05-24,9028.312027546337
2022-05-25,8998.921797884377
2022-05-26,8936.504051077458
2022-05-27,8857.288505894616
2022-05-31,8877.873501649798
2022-06-01,8902.26936476786
2022-06-02,8842.628896039065
2022-06-03,8896.50177875903
2022-06-06,8886.33157579681
2022-06-07,8855.363347226825
2022-06-08,8890.79731270652
2022-06-09,8968.079809227032
2022-06-10,9060.361185368321
2022-06-13,9179.681572798612
2022-06-14,9190.845915072889
2022-06-15,9147.837554834674
2022-06-16,9245.058067558079
2022-06-17,9238.690841964199
2022-06-21,9167.720341075785
2022-06-22,9171.586438400445
2022-06-23,9143.308697968641
2022-06-24,9051.776871308666
2022-06-27,9060.95293495883
2022-06-28,9122.936732066042
2022-06-29,9125.082810580956
2022-06-30,9151.47484231767
2022-07-01,9119.954314129876
2022-07-05,9115.17297743856
2022-07-06,9104.371574913132
2022-07-07,9058.97254632926
2022-07-08,9061.528904560259
2022-07-11,9096.994430018116
2022-07-12,9125.106480564576
2022-07-13,9138.535251271867
2022-07-14,9147.529845047608
2022-07-15,9090.106464784587
2022-07-18,9115.599037143727
2022-07-19,9032.091334931058
2022-07-20,9013.77865760343
2022-07-21,8982.968228924246
2022-07-22,9012.41368854799
2022-07-25,9008.303001392584
2022-07-26,9044.431286391811
2022-07-27,8963.5115023883
2022-07-28,8924.992549043418
2022-07-29,8879.341040634261
2022-08-01,8888.540774268045
2022-08-02,8910.190919286146
2022-08-03,8859.710734218432
2022-08-04,8862.259202454894
2022-08-05,8867.584948769476
2022-08-08,8871.63251596856
2022-08-09,8885.511016364637
2022-08-10,8816.260534285972
2022-08-11,8818.603862664388
2022-08-12,8761.101582455965
2022-08-15,8747.696481732295
2022-08-16,8741.337146132955
2022-08-17,8765.922369119982
2022-08-18,8758.26907441606
2022-08-19,8801.869184244786
2022-08-22,8873.265744838365
2022-08-23,8880.571879782521
2022-08-24,8871.07232635621
2022-08-25,8825.034208214589
2022-08-26,8936.646070979179
2022-08-29,8957.988506210215
2022-08-30,8993.059531941064
2022-08-31,9017.644754928091
2022-09-01,9008.295111398043
2022-09-02,9041.898598144431
2022-09-06,9054.57781937041
2022-09-07,8998.022338506802
2022-09-08,8977.263762871737
2022-09-09,8928.99277627526
2022-09-12,8895.026349780026
2022-09-13,9035.247332747107
2022-09-14,9024.73786001966
2022-09-15,9059.974575635855
2022-09-16,9082.082340337281
2022-09-19,9061.126514838714
2022-09-20,9095.810930837097
2022-09-21,9147.884894801915
2022-09-22,9173.08553736307
2022-09-23,9224.18114200491
2022-09-26,9254.313031153644
2022-09-27,9260.427776922239
2022-09-28,9203.817066096852
2022-09-29,9265.808753198604
2022-09-30,9309.085373251182
2022-10-03,9235.858333924294
2022-10-04,9147.095895347902
2022-10-05,9153.131741171095
2022-10-06,9183.713360008616
2022-10-07,9266.447842756354
2022-10-10,9287.963857867271
2022-10-11,9306.544795009262
2022-10-12,9315.862878561149
2022-10-13,9242.58060927248
2022-10-14,9311.097321858913
2022-10-17,9236.23705366222
2022-10-18,9203.07540661008
2022-10-19,9222.658373058668
2022-10-20,9245.839177017551
2022-10-21,9177.219894502094
2022-10-24,9142.038408847682
2022-10-25,9093.301912573337
2022-10-26,9115.79628700723
2022-10-27,9134.179974285718
2022-10-28,9060.203385477518
2022-10-31,9083.147489600198
2022-11-01,9095.676800929916
2022-11-02,9171.744238291249
2022-11-03,9203.146416560941
2022-11-04,9163.175704220674
2022-11-07,9134.574474012725
2022-11-08,9117.760895647722
2022-11-09,9180.517912219866
2022-11-10,9016.563825676094
2022-11-11,8987.718005637402
2022-11-14,9015.869506156563
2022-11-15,8988.664804982216
2022-11-16,9014.654446997383
2022-11-17,9024.303910319955
2022-11-18,9009.486500573603
2022-11-21,9021.637092165394
2022-11-22,8979.31516145217
2022-11-23,8960.631654381155
2022-11-25,8961.53111375873
2022-11-28,9010.59109980922
2022-11-29,9015.569686364037
2022-11-30,8918.933033236603
2022-12-01,8921.726091303806
2022-12-02,8925.568518644846
2022-12-05,8983.055018864188
2022-12-06,9028.48560742622
2022-12-07,9034.276863418672
2022-12-08,9010.930369574446
2022-12-09,9033.913923669825
2022-12-12,8989.58793434341
2022-12-13,8966.63594022619
2022-12-14,8985.832296942312
2022-12-15,9064.392972578324
2022-12-16,9098.627658887921
2022-12-19,9126.005939942152
2022-12-20,9122.881502104261
2022-12-21,9078.05055312728
2022-12-22,9122.273972524672
2022-12-23,9104.576714771174
2022-12-27,9116.861436270146
2022-12-28,9153.179081138336
2022-12-29,9101.057777206279
2022-12-30,9108.77419186652
2023-01-03,9120.89322348015
2023-01-04,9098.146369220973
2023-01-05,9133.548774722509
2023-01-06,9064.921602212513
2023-01-09,9067.28071058001
2023-01-10,9045.851485409034
2023-01-11,9006.11747290497
2023-01-12,8995.418640308562
2023-01-13,8982.857769000684
2023-01-17,8989.264444567265
2023-01-18,9038.269200655974
2023-01-19,9061.947074270885
2023-01-20,9003.750474542932
2023-01-23,8966.509700313549
2023-01-24,8968.766238752025
2023-01-25,8969.342208353453
2023-01-26,8934.460542491566
2023-01-27,8926.46797802242
2023-01-30,8968.119259199733
2023-01-31,8921.702421320186
2023-02-01,8888.083154584718
2023-02-02,8840.30923764427
2023-02-03,8874.457134013925
2023-02-06,8894.497720145839
2023-02-07,8852.743869039503
2023-02-08,8889.148303847634
2023-02-09,8917.836323995525
2023-02-10,8910.766888887574
2023-02-13,8873.818044456175
2023-02-14,8874.733283822829
2023-02-15,8865.683460085307
2023-02-16,8910.806338860275
2023-02-17,8919.737812679694
2023-02-21,8984.238518045207
2023-02-22,8989.201324610944
2023-02-23,8972.419306224101
2023-02-24,9005.778203139744
2023-02-27,8996.152409800794
2023-02-28,9005.691413199802
2023-03-01,9020.493042957076
2023-03-02,8996.854619314865
2023-03-03,8946.12984441641
2023-03-06,8943.936425934255
2023-03-07,8992.893842055722
2023-03-08,8988.443885135093
2023-03-09,9046.585254901263
2023-03-10,9091.345193927387
2023-03-13,9095.945060744278
2023-03-14,9045.819925430873
2023-03-15,9067.406950492652
2023-03-16,9013.478837810904
2023-03-17,9047.910773984006
2023-03-20,9020.351023055353
2023-03-21,8979.875351064518
2023-03-22,9031.870415083933
2023-03-23,9022.599671499289
2023-03-24,9005.028653658432
2023-03-27,8999.868597229191
2023-03-28,9004.807733811309
2023-03-29,8960.19770468145
2023-03-30,8942.034937250084
2023-03-31,8895.89424917944
2023-04-03,8883.901457478452
2023-04-04,8902.766434423887
2023-04-05,8910.830008843895
2023-04-06,8899.279056837153
2023-04-10,8896.052049070244
2023-04-11,8896.186178977427
2023-04-12,8909.591279701095
2023-04-13,8866.772279331843
2023-04-14,8873.54189464727
2023-04-17,8862.74838211638
2023-04-18,8859.947434054637
2023-04-19,8860.22358386354
2023-04-20,8879.735540361267
2023-04-21,8876.7925723978
2023-04-24,8874.015294319677
2023-04-25,8925.623748606627
2023-04-26,8937.963700067381
2023-04-27,8875.348703396958
2023-04-28,8848.420152031516
2023-05-01,8849.690441152476
2023-05-02,8887.791224786733
2023-05-03,8910.53807904591
2023-05-04,8933.837232922895
2023-05-05,8874.638603888347
2023-05-08,8873.163174909343
2023-05-09,8888.114714562878
2023-05-10,8873.54189464727
2023-05-11,8879.080670814437
2023-05-12,8884.240727243678
2023-05-15,8874.614933904726
2023-05-16,8895.428739501574
2023-05-17,8856.870336183987
2023-05-18,8825.878437630381
2023-05-19,8830.667664316237
2023-05-22,8830.154814671128
2023-05-23,8867.277238982411
2023-05-24,8891.215482417148
2023-05-25,8862.779942094541
2023-05-26,8820.03984167069
2023-05-30,8819.98461170891
2023-05-31,8840.254007682488
2023-06-01,8807.755120171718
2023-06-02,8759.350003668058
2023-06-05,8766.119618983485
2023-06-06,8758.18228447612
2023-06-07,8771.066645560142
2023-06-08,8750.229169979675
2023-06-09,8746.339402671394
2023-06-12,8714.724194549119
2023-06-13,8690.991090972426
2023-06-14,8688.166472927061
2023-06-15,8646.152252000902
2023-06-16,8658.973493128604
2023-06-20,8675.447801728382
2023-06-21,8693.610569159748
2023-06-22,8680.828778004747
2023-06-23,8707.307599681402
2023-06-26,8722.700979029183
2023-06-27,8683.57449610471
2023-06-28,8684.79744525843
2023-06-29,8669.348835948867
2023-06-30,8626.790205399438
2023-07-03,8622.679518244035
2023-07-05,8629.599043455722
2023-07-06,8657.395494220578
2023-07-07,8667.368447319295
2023-07-10,8659.020833095845
2023-07-11,8635.563879328056
2023-07-12,8609.60579729105
2023-07-13,8579.718497973061
2023-07-14,8583.363675450597
2023-07-17,8569.658754934402
2023-07-18,8544.260862509745
2023-07-19,8535.78700837365
2023-07-20,8560.127641529933
2023-07-21,8558.967812332536
2023-07-24,8544.529122324107
2023-07-25,8534.41414932367
2023-07-26,8534.97433893602
2023-07-27,8558.123582916742
2023-07-28,8522.760627387906
2023-07-31,8517.450661062403
2023-08-01,8527.100124384975
2023-08-02,8577.075349802119
2023-08-03,8586.14884352326
2023-08-04,8604.974370495996
2023-08-07,8573.090902559357
2023-08-08,8588.129232152833
2023-08-09,8613.116844861404
2023-08-10,8612.23316547291
2023-08-11,8616.00458286309
2023-08-14,8595.750966878591
2023-08-15,8636.668478563673
2023-08-16,8663.123630256709
2023-08-17,8689.925941709509
2023-08-18,8690.438791354618
2023-08-21,8666.721467767005
2023-08-22,8676.363041095035
2023-08-23,8638.128127553597
2023-08-24,8685.231394958135
2023-08-25,8662.034811010171
2023-08-28,8640.25842607943
2023-08-29,8589.509981197354
2023-08-30,8575.907630610182
2023-08-31,8581.596316673611
2023-09-01,8575.197531101569
2023-09-05,8590.141180760564
2023-09-06,8614.876313643852
2023-09-07,8626.19056581439
2023-09-08,8621.18041928141
2023-09-11,8597.53410564466
2023-09-12,8617.700931689216
2023-09-13,8613.329874713989
2023-09-14,8583.616155275882
2023-09-15,8626.83754536668
2023-09-18,8624.3048571193
2023-09-19,8631.863471888739
2023-09-20,8664.804199093756
2023-09-21,8721.76995967345
2023-09-22,8729.612614246333
2023-09-25,8715.899803735598
2023-09-26,8766.324758841529
2023-09-27,8765.551539376596
2023-09-28,8745.676643130024
2023-09-29,8754.868486769268
2023-10-02,8754.600226954903
2023-10-03,8801.103854774394
2023-10-04,8774.04117350177
2023-10-05,8778.428010466077
2023-10-06,8738.733447934716
2023-10-09,8717.304222763738
2023-10-10,8699.48861509214
2023-10-11,8684.726435307568
2023-10-12,8706.297680380267
2023-10-13,8723.521538461357
2023-10-16,8687.34591349489
2023-10-17,8687.685183260113
2023-10-18,8733.920551265239
2023-10-19,8762.797931282093
2023-10-20,8805.277661886119
2023-10-23,8810.895337998687
2023-10-24,8786.720394727748
2023-10-25,8834.778351471641
2023-10-26,8873.865384423416
2023-10-27,8889.5349135801
2023-10-30,8850.51889057919
2023-10-31,8829.231685309935
2023-11-01,8794.46836936615
2023-11-02,8731.41153300148
2023-11-03,8699.409715146738
2023-11-06,8693.381759318083
2023-11-07,8683.59816608833
2023-11-08,8680.126568490676
2023-11-09,8708.080819146333
2023-11-10,8654.515646213435
2023-11-13,8657.427054198739
2023-11-14,8591.032750143599
2023-11-15,8585.36773406379
2023-11-16,8581.138696990283
2023-11-17,8576.578280146092
2023-11-20,8550.257258360238
2023-11-21,8557.508163342613
2023-11-22,8542.966903405164
2023-11-24,8540.82082489025
2023-11-27,8547.8508100255
2023-11-28,8544.331872460605
2023-11-29,8547.7324601074
2023-11-30,8534.145889509306
2023-12-01,8512.977034158153
2023-12-04,8532.58367059036
2023-12-05,8534.635069170792
2023-12-06,8548.710819430373
2023-12-07,8520.109589222426
2023-12-08,8505.292179476073
2023-12-11,8491.034959342069
2023-12-12,8474.260830949766
2023-12-13,8424.246155559922
2023-12-14,8414.415222362928
2023-12-15,8414.699262166372
2023-12-18,8397.838343834126
2023-12-19,8375.896269018043
2023-12-20,8431.14201078799
2023-12-21,8392.95443721379
2023-12-22,8386.737121516173
2023-12-26,8370.862452501444
2023-12-27,8365.473586230539
2023-12-28,8364.077057196937
2023-12-29,8374.744329815185
2024-01-02,8396.04731507352
2024-01-03,8426.045074315069
2024-01-04,8438.771635508288
2024-01-05,8432.017800181944
2024-01-08,8379.707136380923
2024-01-09,8385.26169253717
2024-01-10,8363.998157251535
2024-01-11,8366.530845498917
2024-01-12,8363.698337459013
2024-01-16,8377.781977713134
2024-01-17,8398.903493097045
2024-01-18,8365.978545881107
2024-01-19,8319.530148023397
2024-01-22,8311.150973821786
2024-01-23,8299.970851558432
2024-01-24,8296.854303715083
2024-01-25,8276.648027697825
2024-01-26,8279.164935956125
2024-01-29,8250.003516135828
2024-01-30,8252.338954519704
2024-01-31,8314.922391211967
2024-02-01,8267.156364266057
2024-02-02,8225.797012886727
2024-02-05,8238.263204260124
2024-02-06,8229.252830495303
2024-02-07,8197.037982787977
2024-02-08,8194.789334344041
2024-02-09,8172.145050013887
2024-02-12,8175.908577409526
2024-02-13,8230.089169916555
2024-02-14,8192.651145823667
2024-02-15,8169.683371717369
2024-02-16,8188.745598526308
2024-02-20,8212.462922113918
2024-02-21,8207.50011554818
2024-02-22,8124.473703002459
2024-02-23,8123.077173968857
2024-02-26,8138.281193447676
2024-02-27,8131.456348170468
2024-02-28,8138.099723573252
2024-02-29,8117.183348047383
2024-03-01,8084.984280329139
2024-03-04,8089.820846982235
2024-03-05,8131.085518427082
2024-03-06,8110.484742682818
2024-03-07,8068.983371401768
2024-03-08,8095.548983018365
2024-03-11,8100.085729878936
2024-03-12,8054.852391180406
2024-03-13,8062.71082574237
2024-03-14,8074.411687645374
2024-03-15,8100.756379414846
2024-03-18,8075.248027066626
2024-03-19,8052.296032949406
2024-03-20,8015.915268124895
2024-03-21,8002.573287357546
2024-03-22,8008.372433344537
2024-03-25,8020.9885346141955
2024-03-26,8032.515816637316
2024-03-27,7997.08185115762
2024-03-28,7992.458314357107
2024-04-01,8000.805928580558
2024-04-02,8030.756347854868
2024-04-03,8026.274830956078
2024-04-04,8076.991715859994
2024-04-05,8031.916177052266
2024-04-08,8033.454725987591
2024-04-09,8027.521450093418
2024-04-10,8066.3954531926065
2024-04-11,8036.082094169452
2024-04-12,8095.769902865488
2024-04-15,8144.364379238111
2024-04-16,8152.577863554379
2024-04-17,8175.616647611541
2024-04-18,8184.366651556538
2024-04-19,8218.995837593142
2024-04-22,8184.776931272624
2024-04-23,8137.476414004583
2024-04-24,8136.624294594249
2024-04-25,8154.936971921876
2024-04-26,8114.271940062079
2024-04-29,8101.482258912538
2024-04-30,8164.980934971454
2024-05-01,8178.630625525868
2024-05-02,8142.486560537562
2024-05-03,8092.314085256914
2024-05-06,8050.536564166959
2024-05-07,8045.045127967032
2024-05-08,8045.068797950653
2024-05-09,8024.231322370186
2024-05-10,8017.445927065679
2024-05-13,8018.440066377735
2024-05-14,7998.509940169382
2024-05-15,7950.010143731241
2024-05-16,7958.728587698078
2024-05-17,7953.860461066822
2024-05-20,7950.025923720322
2024-05-21,7939.548010971038
2024-05-22,7950.909603108816
2024-05-23,7981.814711722481
2024-05-24,7952.716411858504
2024-05-28,7951.674932579208
2024-05-29,7982.516921236552
2024-05-30,8007.346734054321
2024-05-31,7974.185087002181
2024-06-03,7969.5378802180485
2024-06-04,7963.27322455319
2024-06-05,7913.810848781154
2024-06-06,7914.655078196947
2024-06-07,7919.365404937401
2024-06-10,7908.47721247203
2024-06-11,7897.01305040523
2024-06-12,7860.947885362325
2024-06-13,7850.919702301827
2024-06-14,7852.608161133413
2024-06-17,7819.762113862878
2024-06-18,7808.873921397508
2024-06-20,7819.809453830119
2024-06-21,7826.5553991619245
2024-06-24,7839.771140016633
2024-06-25,7822.862881717147
2024-06-26,7816.077486412641
2024-06-27,7812.156159126199
2024-06-28,7829.821856901536
2024-07-01,7818.294574878415
2024-07-02,7791.531713398315
2024-07-03,7769.431838691428
2024-07-05,7745.627725163876
2024-07-08,7741.1619882541645
2024-07-09,7737.903420509095
2024-07-10,7692.985681592169
2024-07-11,7731.93858463676
2024-07-12,7707.629511458639
2024-07-15,7695.108090123463
2024-07-16,7666.719889768097
2024-07-17,7728.995616673294
2024-07-18,7763.459112824555
2024-07-19,7794.695601208905
2024-07-22,7747.82114364603
2024-07-23,7754.661768912317
2024-07-24,7856.134988692849
2024-07-25,7878.155963454334
2024-07-26,7830.9106761480725
2024-07-29,7827.407518572259
2024-07-30,7848.789403775994
2024-07-31,7781.04591065449
2024-08-01,7840.710049366907
2024-08-02,7919.704674702626
2024-08-05,8046.1260572190295
2024-08-06,8003.756786538565
2024-08-07,8035.7349344096865
2024-08-08,7941.204909824463
2024-08-09,7921.598273392256
2024-08-12,7921.416803517833
2024-08-13,7850.375292678558
2024-08-14,7833.979884024181
2024-08-15,7764.540042076552
2024-08-16,7755.837378098795
2024-08-19,7713.231407582127
2024-08-20,7722.012971505284
2024-08-21,7703.2900144615705
2024-08-22,7742.905677047533
2024-08-23,7692.433381974361
2024-08-26,7706.45390227216
2024-08-27,7699.38446716421
2024-08-28,7725.910628808106
2024-08-29,7726.084208687988
2024-08-30,7681.55307950353
2024-09-03,7775.814844274389
2024-09-04,7782.805379436939
2024-09-05,7795.950110340785
2024-09-06,7870.897168477421
2024-09-09,7821.482132672625
2024-09-10,7802.175316032942
2024-09-11,7755.932058033277
2024-09-12,7723.086010762741
2024-09-13,7699.210887284326
2024-09-16,7693.632661144459
2024-09-17,7692.457051957981
2024-09-18,7705.333523047463
2024-09-19,7630.078755123763
2024-09-20,7638.82875906876
2024-09-23,7626.188987815482
2024-09-24,7614.858955655864
2024-09-25,7623.2775798301755
2024-09-26,7605.04380244795
2024-09-27,7610.724598516839
2024-09-30,7591.5440217897985
2024-10-01,7633.936962453883
2024-10-02,7633.313652885213
2024-10-03,7640.8880476437325
2024-10-04,7600.54650556008
2024-10-07,7644.044045459782
2024-10-08,7600.499165592838
2024-10-09,7568.221197929192
2024-10-10,7577.6813013828005
2024-10-11,7550.082100481448
2024-10-14,7514.719144952613
2024-10-15,7549.900630607024
2024-10-16,7528.431955463348
2024-10-17,7529.22095491736
2024-10-18,7510.916167584273
2024-10-21,7519.3505717476655
2024-10-22,7521.54399022982
2024-10-23,7563.976380866606
2024-10-24,7554.161227658692
2024-10-25,7555.534086708673
2024-10-28,7543.383495116882
2024-10-29,7535.966900249166
2024-10-30,7551.155139738904
2024-10-31,7636.540660652124
2024-11-01,7618.117523400934
2024-11-04,7630.828304605075
2024-11-05,7575.543112862427
2024-11-06,7460.1282727294965
2024-11-07,7425.364956785711
2024-11-08,7407.659809037673
2024-11-11,7403.075722209861
2024-11-12,7416.772752731516
2024-11-13,7415.676043490439
2024-11-14,7444.245713720227
2024-11-15,7506.221620832899
2024-11-18,7488.0746333906145
2024-11-19,7469.643606144886
2024-11-20,7469.541036215865
2024-11-21,7444.608653469073
2024-11-22,7428.331594732797
2024-11-25,7414.1059345769545
2024-11-26,7387.07481328249
2024-11-27,7405.135010784834
2024-11-29,7378.593069151857
2024-12-02,7366.939547216095
2024-12-03,7364.78557870664
2024-12-04,7335.900308695248
2024-12-05,7344.879122481909
2024-12-06,7332.91789075908
2024-12-09,7362.442250328224
2024-12-10,7376.596900533206
2024-12-11,7337.715007439476
2024-12-12,7363.704649454644
2024-12-13,7363.830889367286
2024-12-16,7345.691791919541
2024-12-17,7364.209609105212
2024-12-18,7505.00656167372
2024-12-19,7509.014678900104
2024-12-20,7458.700183717734
2024-12-23,7424.59962731532
2024-12-24,7372.549333334123
2024-12-26,7374.482381996452
2024-12-27,7427.148095551779
2024-12-30,7477.56516066317
2024-12-31,7497.534736844223
2025-01-02,7507.854849702705
2025-01-03,7449.53201006211
2025-01-06,7423.566038030563
2025-01-07,7475.916151804284
2025-01-08,7468.641576838289
2025-01-10,7540.606217038759
2025-01-13,7533.363202050925
2025-01-14,7528.084795703582
2025-01-15,7443.661854124258
2025-01-16,7453.579577261194
2025-01-17,7406.776129649179
2025-01-21,7365.290538357209
2025-01-22,7335.994988629729
2025-01-23,7310.478746286969
2025-01-24,7324.262566748565
2025-01-27,7394.451958177506
2025-01-28,7350.72560843614
2025-01-29,7373.125302935551
2025-01-30,7347.987780330717
2025-01-31,7372.162723601657
2025-02-03,7408.425138508065
2025-02-04,7374.253572154789
2025-02-05,7355.6331850400975
2025-02-06,7338.204187100964
2025-02-07,7383.634775662997
2025-02-10,7351.719747748196
2025-02-11,7350.09440887293
2025-02-12,7363.136569847755
2025-02-13,7313.350704299574
2025-02-14,7313.697864059339
2025-02-18,7301.902322221854
2025-02-19,7290.406600176894
2025-02-20,7311.417655637243
2025-02-21,7393.781308641595
2025-02-24,7417.356612327485
2025-02-25,7439.448597039832
2025-02-26,7438.809507482081
2025-02-27,7513.362065891712
2025-02-28,7440.040346630341
2025-03-03,7522.711709421758
2025-03-04,7579.1804003454245
2025-03-05,7528.305715550706
2025-03-06,7610.448448707934
2025-03-07,7585.4529460048225
2025-03-10,7708.2528210273085
2025-03-11,7741.777407828295
2025-03-12,7720.292952695538
2025-03-13,7781.6613302286205
2025-03-14,7689.017014338488
2025-03-17,7660.47101409232
2025-03-18,7708.173921081908
2025-03-19,7660.336884185137
2025-03-20,7670.12047741489
2025-03-21,7666.435849964652
2025-03-24,7587.528014568875
2025-03-25,7580.363899526443
2025-03-26,7631.214914337541
2025-03-27,7646.119114023833
2025-03-28,7734.778982671205
2025-03-31,7710.391009547682
2025-04-01,7693.64844113354
2025-04-02,7663.745361826471
2025-04-03,7880.286261980167
2025-04-04,8134.691245931919
2025-04-07,8144.025109472885
2025-04-08,8206.734786077788
2025-04-09,7832.6464749469005
2025-04-10,7981.649021837138
2025-04-11,7906.449483875218
2025-04-14,7872.830217139751
2025-04-15,7880.199472040226
2025-04-16,7975.613176013943
2025-04-17,7970.090179835856
2025-04-21,8068.320611860398
2025-04-22,7966.097842598554
2025-04-23,7896.586990700063
2025-04-24,7810.657060163575
2025-04-25,7778.749922243314
2025-04-28,7775.956864176111
2025-04-29,7750.645761691394
2025-04-30,7744.152296184871
2025-05-01,7716.474195338117
2025-05-02,7651.358070398476
2025-05-05,7679.990860584586
2025-05-06,7714.288666850503
2025-05-07,7695.060750156222
2025-05-08,7669.292027988178
2025-05-09,7672.471695787847
2025-05-12,7527.0748764024465
2025-05-13,7493.652859530482
2025-05-14,7488.895192822788
2025-05-15,7469.683056117586
2025-05-16,7436.979028748773
2025-05-19,7432.860451598828
2025-05-20,7451.117898964675
2025-05-21,7526.743496631761
2025-05-22,7528.794895212193
2025-05-23,7559.715783814939
2025-05-27,7466.045768634589
2025-05-28,7492.074860622457
2025-05-29,7473.438693518685
2025-05-30,7473.817413256611
2025-06-02,7454.684176496811
2025-06-03,7427.518925295165
2025-06-04,7427.171765535399
2025-06-05,7452.03313833133
2025-06-06,7403.856831669334
2025-06-09,7399.5015546831855
2025-06-10,7373.519802662558
2025-06-11,7386.593523615543
2025-06-12,7368.430756184178
2025-06-13,7422.311528898683
2025-06-16,7378.017099550429
2025-06-17,7417.774782038112
2025-06-18,7419.234431028035
2025-06-20,7429.515093913816
2025-06-23,7384.2817552152865
2025-06-24,7331.410901801917
2025-06-25,7331.4266817909975
2025-06-26,7292.876168467952
2025-06-27,7267.588735966856
2025-06-30,7242.435433372942
2025-07-01,7247.911089583787
2025-07-02,7224.706615641283
2025-07-03,7183.73387399442
2025-07-07,7222.686777039012
2025-07-08,7226.205714603906
2025-07-09,7196.428875209479
2025-07-10,7182.858084600466
2025-07-11,7199.198263293063
2025-07-14,7192.247178103214
2025-07-15,7211.814364562721
2025-07-16,7196.0817154497145
2025-07-17,7169.523993827657
2025-07-18,7169.973723516445
2025-07-21,7163.022638326595
2025-07-22,7159.850860521466
2025-07-23,7120.961077433196
2025-07-24,7117.45791985738
2025-07-25,7097.504123665407
2025-07-28,7096.612554282373
2025-07-29,7111.532533957748
2025-07-30,7117.812969611687
2025-07-31,7136.362346775517
2025-08-01,7216.3511114232915
2025-08-04,7143.818391615934
2025-08-05,7168.080124826815
2025-08-06,7131.888719871266
2025-08-07,7135.88105710857
2025-08-08,7096.865034107657
2025-08-11,7109.489025371856
2025-08-12,7052.43647485222
2025-08-13,7036.009506219682
2025-08-14,7034.463067289818
2025-08-15,7049.24891705801
2025-08-18,7049.761766703119
2025-08-19,7079.570166075706
2025-08-20,7091.8706675637595
2025-08-21,7112.076943581016
2025-08-22,7035.749136399859
2025-08-25,7057.517631336061
2025-08-26,7036.514465870251
2025-08-27,7024.31653431122
2025-08-28,7008.173605482127
2025-08-29,7040.995982769041
2025-09-02,7076.280038352475
2025-09-03,7050.463976217189
2025-09-04,7008.000025602243
2025-09-05,7024.237634365818
2025-09-08,7013.46779181855
2025-09-09,6999.691861351494
2025-09-10,6984.361601960032
2025-09-11,6940.627362224126
2025-09-12,6943.136380487886
2025-09-15,6918.685287408042
2025-09-16,6925.407562756228
2025-09-17,6930.465049256447
2025-09-18,6905.524776515115
2025-09-19,6879.961194205115
2025-09-22,6856.772500251691
2025-09-23,6885.831350142967
2025-09-24,6900.782889796501
2025-09-25,6927.017121642412
2025-09-26,6896.26192292501
2025-09-29,6882.446542485253
2025-09-30,6860.946307363416
2025-10-01,6843.004459779175
2025-10-02,6839.730112045023
2025-10-03,6839.382952285258
2025-10-06,6820.060355656495
2025-10-07,6840.329751630073
2025-10-08,6809.456202994568
2025-10-09,6824.139482833739
2025-10-10,6968.210783136399
2025-10-13,6887.567148941794
2025-10-14,6895.780633258062
2025-10-15,6874.674897863231
2025-10-16,6907.804984937212
2025-10-17,6880.237344014019
2025-10-20,6824.1237028446585
2025-10-21,6823.950122964776
2025-10-22,6852.314653336522
2025-10-23,6821.512114651878
2025-10-24,6779.497893725719
2025-10-27,6713.640109299306
2025-10-28,6701.2291478876905
2025-10-29,6701.4658477238945
2025-10-30,6755.315060460239
2025-10-31,6741.223530211579
2025-11-03,6731.937006637852
2025-11-04,6795.388342729528
2025-11-05,6775.868496237262
2025-11-06,6835.808784758582
2025-11-07,6829.118069388557
2025-11-10,6747.354055969254
2025-11-11,6736.166043711359
2025-11-12,6732.765456064565
2025-11-13,6822.26166413319
2025-11-14,6824.928482287752
2025-11-17,6873.6097486003155
2025-11-18,6917.075728521857
2025-11-19,6897.476982084189
2025-11-20,6979.059525629069
2025-11-21,6928.382090697854
2025-11-24,6847.80157645957
2025-11-25,6799.861969633778
2025-11-26,6762.99202514778
2025-11-28,6734.209325065408
2025-12-01,6762.976245158699
2025-12-02,6749.768394298532
2025-12-03,6733.71225540938
2025-12-04,6727.873659449689
2025-12-05,6717.395746700405
2025-12-08,6736.2449436567595
2025-12-09,6740.9789403808345
2025-12-10,6704.550835589082
2025-12-11,6693.252363407625
2025-12-12,6751.314833228396
